-128,-62,-128,-39,127,-80,-128,-128,35,-106,65,-27,-128,-63,99,99,handClose
43,99,79,-32,-128,32,51,81,-65,-31,-95,-36,127,-94,-23,-61,handClose
13,127,-22,8,-23,60,22,-128,26,12,36,24,-88,76,-24,31,handClose
64,127,97,29,-13,-128,-108,32,-35,-58,-70,-31,127,-57,-128,-48,handClose
-114,-128,-118,-77,-128,-48,33,-35,103,127,127,58,-128,19,127,127,handClose
57,69,93,-101,-128,5,115,93,-95,-128,-128,-97,127,-34,-46,-128,handClose
18,-7,49,53,73,-6,-10,-128,31,85,18,84,127,63,49,127,handClose
-65,-128,-128,-20,36,15,-38,26,39,127,127,127,127,-108,-108,-128,handClose
107,67,58,-21,-54,127,127,127,-82,-128,-128,2,-12,-51,-128,-74,handClose
2,19,-8,41,-84,-128,53,-49,14,0,33,-33,-61,-8,68,58,handClose
122,127,127,89,127,127,89,62,-1,-84,-77,13,-33,64,84,88,handClose
13,0,-1,-30,-40,127,55,85,26,43,53,66,73,54,57,68,handClose
-76,-121,-59,-46,51,-116,-128,-128,-2,18,-23,-74,-9,-9,113,1,handClose
22,57,57,36,127,-74,-34,13,23,28,33,25,117,-38,-128,-22,handClose
9,23,18,-10,-95,-26,30,27,-20,30,-46,-72,-54,72,-46,-24,handClose
17,-13,-6,20,127,100,78,127,-126,-128,-128,-31,12,-107,-128,-119,handClose
107,127,127,6,-69,127,91,13,66,122,77,5,25,-29,-33,62,handClose
9,-3,-19,-38,-69,8,-5,-10,-23,-38,-97,-15,-128,82,43,28,handClose
29,25,-37,0,-67,-19,36,10,64,1,49,120,127,127,127,103,handClose
-35,-6,-34,-27,-25,75,-81,-82,-16,-2,61,51,127,10,-128,-128,handClose
34,-24,9,36,2,24,127,127,-52,-128,-116,-36,105,-42,-79,-23,handClose
87,88,57,58,127,-106,42,63,8,28,40,0,-19,-1,19,0,handClose
-60,-111,-119,-17,-55,-18,-11,-25,0,-46,-74,-34,-128,-32,76,32,handClose
-3,-8,-11,-12,-21,8,18,11,41,59,78,47,127,-60,-114,-57,handClose
5,-3,-7,-42,-75,-5,120,18,-88,-128,-128,-66,-128,1,-3,-15,handClose
-53,-76,-59,-20,93,-89,-105,-115,-38,-34,28,32,-63,-10,-75,-100,handClose
13,40,30,40,127,127,68,40,62,69,76,-84,-87,45,43,126,handClose
25,59,30,52,37,12,24,43,10,0,-6,4,36,3,15,11,handClose
-7,-25,-13,-29,-2,19,-7,-5,29,11,3,-5,9,26,84,84,handClose
-7,127,34,69,127,-106,-128,-128,-11,18,1,-8,31,19,-67,-109,handClose
15,-43,-57,14,51,111,81,27,66,58,34,24,-128,1,127,127,handClose
74,87,115,55,-43,16,82,100,8,17,18,1,44,-68,-103,-34,handClose
-84,-58,-106,-64,52,38,13,-80,11,24,10,-7,-8,2,49,21,handClose
-20,19,-11,-22,101,-6,3,-128,19,-10,37,6,-60,-23,-25,4,handClose
-4,-12,17,64,19,-16,-96,-13,36,-1,8,2,102,56,63,88,handClose
53,-35,-33,-60,-117,-17,111,127,69,47,55,28,-128,-14,-21,67,handClose
-98,127,-93,-11,127,1,-128,-128,25,28,32,-29,-76,4,39,63,handClose
-7,33,-13,-40,-15,7,2,6,24,57,-10,-21,-28,22,106,24,handClose
-19,-7,5,12,-64,-11,-10,-6,-13,-44,-53,25,-14,-8,-61,-55,handClose
11,-7,-16,15,6,-5,11,28,-128,-128,-128,-85,80,35,-128,-128,handClose
46,66,112,-22,-128,-4,127,43,33,66,22,-12,-22,18,69,127,handClose
17,-15,19,23,-90,-11,37,67,65,67,127,-27,-128,6,127,119,handClose
31,39,-26,-68,-120,87,127,127,-62,-128,-85,118,127,-103,-128,-89,handClose
-16,3,25,28,-101,-25,-111,-128,-8,-36,-43,-61,-16,-3,3,1,handClose
-6,-36,0,12,-19,13,16,3,-11,-8,4,16,-101,-77,0,-18,handClose
-5,7,8,21,127,61,-36,-20,90,127,123,77,127,127,88,112,handClose
61,127,118,-25,-128,-38,127,127,-128,-128,-128,-97,-128,-128,-82,-128,handClose
-46,-128,-72,43,127,94,-128,-128,-11,-24,-16,-81,-128,13,127,51,handClose
14,-7,8,-14,-82,-19,36,54,15,-8,39,107,127,15,-128,-128,handClose
6,-8,-1,3,-74,-48,-4,19,3,11,-4,-4,-91,16,53,35,handClose
33,81,58,4,50,18,40,35,-8,120,-29,-37,-58,8,39,-9,handClose
-56,-128,-112,-44,-128,-26,-63,-114,-13,-88,-76,-34,-14,9,58,53,handClose
57,127,82,73,104,-4,-9,37,-20,0,-18,-3,-56,84,127,3,handClose
-19,73,95,89,25,-65,-128,-91,42,17,70,37,-24,-20,-79,-58,handClose
-56,-111,-128,-70,-14,27,24,-18,-30,-46,-45,-51,-8,-35,-10,-11,handOpen
-22,-58,-124,62,30,-7,-7,-8,14,-8,23,120,9,88,3,13,handOpen
4,-4,48,-1,50,125,43,17,15,32,52,9,-25,-50,12,27,handOpen
15,15,64,127,-17,-44,-19,13,-6,28,34,-42,-89,5,-31,-38,handOpen
24,76,84,24,-57,13,-2,5,-73,-111,-128,-128,-13,27,-9,-25,handOpen
8,-7,67,67,-15,53,26,2,22,77,127,127,44,-72,42,22,handOpen
-19,-32,-46,-101,86,91,40,0,1,-5,17,41,18,-32,-35,-5,handOpen
24,37,-21,-126,-64,-11,-37,-3,-15,-32,-104,-128,-36,-31,-11,-12,handOpen
-46,-51,-57,27,-18,-17,-23,-27,-32,-12,-6,-46,-49,-28,-16,-15,handOpen
20,36,58,40,13,-23,-8,2,10,27,-88,-128,42,124,31,12,handOpen
4,-33,17,92,30,-7,6,7,0,33,-63,51,-47,23,-21,-5,handOpen
-21,-9,0,-2,-72,-62,-74,-45,23,-7,-55,10,-24,-16,0,26,handOpen
26,26,127,127,117,100,120,44,-15,36,42,32,53,64,-97,-16,handOpen
7,74,108,25,-55,-3,5,2,15,53,23,10,-9,41,13,4,handOpen
23,14,29,85,127,28,-3,18,-17,-73,-76,-85,-121,-12,2,-12,handOpen
37,100,127,-8,9,-6,-5,2,-39,-9,29,79,28,-12,14,3,handOpen
-104,-128,-128,-39,-68,-28,-22,-40,17,26,18,54,-12,-110,-7,8,handOpen
-8,8,-4,-33,66,-13,-31,-24,-12,-33,-103,-128,-13,-41,-12,-14,handOpen
2,-19,-59,71,98,116,24,4,-3,-5,-65,-29,-28,-62,-15,-1,handOpen
-17,-25,51,7,-23,52,3,-17,6,-9,4,47,-22,-31,-18,6,handOpen
0,-27,62,3,-15,126,9,15,2,23,43,26,3,-13,-4,-2,handOpen
7,51,39,-128,-127,-112,9,14,69,127,127,-11,-10,102,51,31,handOpen
13,46,-13,34,36,-54,-17,-21,-103,-128,-108,106,28,-16,-22,-33,handOpen
0,9,74,105,15,-5,-4,-3,-4,60,35,50,16,6,17,0,handOpen
-6,-17,11,-17,27,-1,-2,-6,3,-34,-77,-50,-35,13,7,2,handOpen
30,66,93,-28,-61,-33,-50,6,10,-23,30,100,112,17,14,10,handOpen
-8,5,68,95,52,14,2,-5,-9,-23,0,18,-31,86,-29,-18,handOpen
-13,9,17,39,-4,-14,0,-6,3,18,40,36,127,-16,41,10,handOpen
12,56,115,115,26,58,18,9,-20,-60,-113,-128,-128,-128,9,-12,handOpen
-73,-128,-91,-16,-8,-4,-14,-33,23,59,127,127,47,-15,-84,10,handOpen
-1,5,-26,40,17,-76,3,2,9,56,-16,47,-3,13,3,-2,handOpen
6,4,-38,-84,-44,75,14,12,-8,3,21,12,44,2,-1,-4,handOpen
-1,18,13,-29,-73,-52,-10,-5,13,4,39,46,74,32,27,17,handOpen
-16,9,-44,-13,27,68,2,-40,-19,-41,3,17,-19,-21,-27,-13,handOpen
3,15,54,127,22,-22,8,3,11,19,20,7,-10,-23,-6,4,handOpen
19,12,1,15,8,41,8,15,24,62,3,-58,-57,-60,8,41,handOpen
-4,-32,-128,-62,-24,20,22,3,-15,-24,-88,-125,-56,-5,30,-11,handOpen
-8,-11,4,5,2,-42,6,-6,11,16,64,112,50,118,9,5,handOpen
-2,10,37,-24,-61,-12,-28,-17,8,12,2,-39,-17,2,3,1,handOpen
3,20,8,3,11,-24,-5,0,-13,-29,-40,-78,-34,7,19,-1,handOpen
5,12,75,14,18,35,-1,7,5,37,-7,43,4,33,12,-2,handOpen
16,69,71,4,-28,13,15,15,6,-37,-115,-4,-22,-24,16,8,handOpen
-8,-8,-22,-52,-27,-14,8,-4,-17,-35,127,40,20,104,-11,-12,handOpen
-2,0,-10,-8,-4,12,-21,-3,-19,-57,-121,44,92,-11,2,-10,handOpen
-4,-12,-31,-73,-46,-16,-1,-3,-10,18,102,118,43,127,7,-8,handOpen
-20,-50,-124,-8,-33,-33,-33,-18,-4,10,38,60,43,38,-4,-4,handOpen
21,59,111,13,127,-63,20,16,-1,-22,-97,-128,0,-33,-22,0,handOpen
2,-32,-72,-51,-31,5,3,4,3,-8,-8,-15,9,64,26,5,handOpen
-2,17,-10,-20,-24,-1,1,-6,-23,-30,-12,-7,-34,-38,-4,-9,handOpen
-5,-18,1,-107,-38,1,-5,1,4,42,127,127,115,10,-21,-6,handOpen
17,30,15,86,7,13,27,9,3,33,-21,-128,-77,-71,3,0,handOpen
-12,-10,-41,-32,-40,-83,-16,-15,4,9,-14,87,26,27,12,2,handOpen
-10,-34,-128,-76,25,-5,-2,-1,10,24,54,43,11,-25,-1,3,handOpen
3,14,31,59,13,22,7,3,12,34,91,53,-4,-17,-2,-2,handOpen
3,2,1,-4,-3,-6,-3,-1,5,7,4,14,0,2,2,1,handRelax
1,-2,-3,21,-7,-2,0,0,2,2,2,-2,-19,-8,-3,-2,handRelax
1,-1,-1,-19,-6,-3,0,3,0,2,0,1,17,0,-1,1,handRelax
-4,-5,-2,6,-2,-3,-4,-2,-4,-4,2,2,-4,-5,-2,0,handRelax
10,23,26,3,3,2,0,0,-3,-3,-1,-2,3,-1,-5,-1,handRelax
1,0,-3,0,12,5,0,1,-25,-56,-45,-17,-9,-9,-8,-10,handRelax
-6,-9,-1,1,-25,-1,0,-2,4,21,20,7,-4,0,1,1,handRelax
6,10,-6,-26,5,-5,-1,1,5,12,7,-9,4,-1,1,4,handRelax
-6,-19,-9,-28,-19,-4,-1,-5,-5,-13,-1,0,-10,-4,1,-4,handRelax
1,4,0,23,6,0,-1,1,6,36,12,10,5,-2,2,0,handRelax
0,12,2,7,-7,-1,0,-1,-3,-14,1,4,-1,-2,-1,0,handRelax
1,14,22,6,1,2,2,3,1,2,5,17,-3,-2,0,3,handRelax
-6,-7,-36,-16,2,0,1,-3,-11,-21,-14,-75,-16,-2,-5,-6,handRelax
0,-1,-2,0,-12,2,-1,1,3,5,11,9,2,0,3,3,handRelax
-2,0,-1,15,20,-1,-1,0,0,-1,2,0,-3,-3,0,-1,handRelax
4,-1,5,-25,-30,4,1,1,2,1,-2,-2,-1,-2,0,-1,handRelax
1,3,-4,0,16,-1,-1,-5,-3,2,13,11,0,-2,-2,1,handRelax
4,17,18,28,7,1,0,1,-7,-18,-7,0,-11,-2,-1,-4,handRelax
-3,-7,-1,5,3,-3,-1,-2,-7,-22,-5,9,2,5,3,0,handRelax
0,-2,-3,-1,3,-1,-1,0,3,15,7,29,19,1,1,1,handRelax
3,-1,4,19,4,-1,1,0,-7,-24,-28,-99,-50,-8,-5,-1,handRelax
0,-1,-4,0,17,1,-1,0,2,5,-12,-32,-6,-1,-3,2,handRelax
2,1,2,-2,1,-1,-2,0,-15,-35,1,9,-10,-4,-3,-3,handRelax
4,9,3,6,-1,-3,0,1,0,3,0,-12,21,5,3,1,handRelax
-8,-15,-9,-5,-11,-1,2,-1,0,-2,0,4,-10,-3,-1,-1,handRelax
-9,-20,0,10,-2,-2,-4,-2,1,4,2,-2,-3,-1,1,2,handRelax
-3,-1,-3,-35,-12,-3,-1,-1,-1,1,3,2,0,-3,2,-1,handRelax
-1,-2,2,30,13,-3,-3,-1,4,10,11,2,2,0,0,0,handRelax
1,3,3,-17,-23,-2,1,2,-4,-12,-18,-6,-3,-2,1,-4,handRelax
-8,-17,-11,8,6,-1,-1,-3,1,7,16,18,-2,4,-1,2,handRelax
5,23,17,0,5,6,2,3,10,9,12,7,1,3,2,5,handRelax
5,17,8,1,-7,-3,-1,4,-3,45,8,-2,25,1,-1,-3,handRelax
2,6,-6,-1,-3,-1,3,0,-19,-67,-45,-8,-29,-9,-7,-3,handRelax
-1,-2,-8,-4,-4,-3,-1,0,-1,6,10,22,6,2,-3,0,handRelax
0,1,4,7,-7,-2,-2,-1,-3,1,-1,20,3,3,0,0,handRelax
0,1,3,2,-4,-1,-1,0,4,9,-1,-23,-7,1,1,1,handRelax
-1,-1,-2,-5,1,-3,-3,0,-3,-16,-8,-3,2,0,0,-3,handRelax
-3,-2,-4,18,-11,-3,-1,-5,0,1,-4,-6,-9,1,0,2,handRelax
-1,-2,-4,6,12,-1,4,-3,-3,-3,5,-2,-4,-3,-1,-1,handRelax
-1,5,-3,-3,2,-3,-5,-3,7,11,11,25,7,0,3,6,handRelax
0,-8,3,-13,-15,0,-2,1,-1,-4,-6,-37,-7,-3,-2,-1,handRelax
-4,2,-1,-9,-10,1,1,-3,-3,0,1,15,3,0,-1,-3,handRelax
0,1,-3,0,2,-1,-1,0,11,19,3,-43,-4,1,3,-1,handRelax
2,1,3,-1,3,2,-1,1,-3,5,-4,19,-5,0,-2,-2,handRelax
-3,-3,2,1,-3,2,1,2,-4,-2,6,16,4,-1,-1,0,handRelax
-7,-11,-1,4,-3,0,2,0,8,6,9,6,-2,-3,1,-3,handRelax
1,7,-1,5,0,-1,3,1,-5,-6,1,-4,-7,-2,-1,0,handRelax
0,2,-1,0,0,-1,-2,-3,-2,-9,-12,10,-4,-1,0,-1,handRelax
1,-1,-1,-4,10,0,-3,-3,1,-4,4,3,-8,-1,-2,0,handRelax
3,8,-1,-13,3,-2,1,1,2,0,3,3,-3,1,-3,-1,handRelax
6,20,9,11,-5,-3,-2,1,2,2,9,6,4,1,0,-1,handRelax
-8,-23,-4,-4,2,0,-2,0,0,15,-13,-8,-4,1,-2,-1,handRelax
4,4,3,-5,2,0,-3,-3,-9,-10,4,7,1,0,-2,-3,handRelax
2,3,-1,-9,7,2,-3,2,2,10,2,0,-1,2,0,1,handRelax
64,127,72,16,-27,-16,-6,0,25,105,63,10,-7,20,23,0,handlateral
15,68,66,27,-7,48,18,13,-8,-67,-24,-31,-30,-25,-18,-5,handlateral
42,55,14,29,66,-10,12,27,-7,-36,-12,25,15,0,-37,-25,handlateral
1,-14,14,-10,-52,-9,-3,-7,-15,-50,30,47,12,14,17,7,handlateral
-2,44,-36,-55,-31,-12,-20,-19,-22,13,22,30,-61,-5,-7,-26,handlateral
-32,-7,-25,-11,-128,-100,-85,-50,-18,-38,-55,-70,3,27,-9,-11,handlateral
29,35,5,36,85,27,60,29,25,3,45,-5,2,25,13,25,handlateral
-5,11,-25,-20,23,-13,-33,-23,-37,-22,-128,-4,-8,5,4,-15,handlateral
67,63,127,71,124,82,43,49,-1,9,13,5,-39,44,18,12,handlateral
-13,-16,-52,-58,-93,-19,20,4,-39,-11,-38,-50,-10,-95,-71,-40,handlateral
25,41,56,10,-25,-29,-18,7,47,56,114,76,12,31,24,26,handlateral
10,-105,-29,35,127,20,49,21,-42,-128,-61,18,106,-8,-11,-15,handlateral
2,73,-46,-5,41,8,-28,-29,15,22,10,8,-35,-39,22,36,handlateral
7,45,22,48,71,-14,-59,-42,26,12,34,20,-31,41,49,37,handlateral
-11,-12,-19,-27,-28,7,-7,8,12,3,29,13,-85,-5,62,39,handlateral
15,4,15,37,26,-16,-11,-5,65,94,106,67,56,16,59,50,handlateral
-12,-17,-27,-19,-36,50,12,0,-85,-128,-119,2,14,-15,-23,-34,handlateral
-11,-86,-42,27,-60,-87,-21,-18,8,44,28,8,34,41,69,37,handlateral
4,58,79,14,19,-1,-4,4,3,65,21,-23,-119,50,-60,-34,handlateral
-5,-32,-21,-25,-53,-1,-16,-7,13,102,108,127,27,8,13,11,handlateral
2,-28,-53,9,91,32,15,3,-4,-54,-26,-79,-25,43,34,31,handlateral
1,0,-14,-74,-59,-13,-8,-3,-14,-26,3,41,-100,-93,-70,-43,handlateral
3,13,17,3,-45,3,8,5,-28,-37,-5,97,-9,7,-22,-27,handlateral
-7,-5,-19,-60,-66,39,-7,-8,10,-33,-21,-6,18,-21,-2,6,handlateral
14,31,8,15,59,40,24,23,0,5,36,29,39,38,9,-4,handlateral
-21,-22,-37,-40,-21,-13,-26,-18,6,8,-25,-10,-18,8,4,-1,handlateral
-27,-128,-45,-40,-2,-8,8,-12,10,34,47,30,25,15,22,14,handlateral
-8,13,25,31,-26,0,-22,-10,5,20,15,-17,94,-20,-8,0,handlateral
6,16,-15,-7,-57,-27,7,8,-8,1,-1,2,5,2,9,-8,handlateral
-17,-107,-58,-34,-24,-1,-1,-1,-4,-24,-10,5,-69,4,9,-1,handlateral
3,15,4,-2,10,-13,3,12,10,56,71,90,127,34,-62,-33,handlateral
-9,0,18,-27,-26,-2,-4,-8,7,-3,21,35,17,8,8,7,handlateral
8,11,6,0,3,12,17,15,6,32,-9,-24,-13,4,5,4,handlateral
-2,5,12,16,-34,-5,1,3,-2,-82,-31,8,-2,-12,5,12,handlateral
24,53,83,42,46,3,16,7,-16,0,-5,1,37,0,-25,-11,handlateral
-11,-37,-36,21,21,-21,-17,-10,0,29,54,16,2,-12,-4,-3,handlateral
-26,-66,-67,-34,-36,-9,-12,-15,-5,9,2,-8,-16,-4,5,-11,handlateral
-10,2,11,-16,-16,2,-9,-13,29,9,21,7,-23,7,15,38,handlateral
-10,6,-28,-1,-14,1,-7,-7,-4,-33,-39,-14,-7,-19,-4,1,handlateral
-9,8,7,5,-8,-8,-12,-13,1,35,-1,-17,3,-2,-12,-8,handlateral
35,-3,35,50,12,16,15,22,12,8,68,12,-36,9,10,12,handlateral
12,49,3,-73,-4,6,11,3,-51,-128,-87,-31,1,-36,-56,-37,handlateral
-7,-30,10,46,6,10,6,-3,8,28,20,13,-21,-16,1,3,handlateral
-15,-14,-2,-11,-34,-18,-11,-10,-2,-44,-22,0,-5,-36,-24,-9,handlateral
38,20,36,-15,62,50,31,33,-4,25,-9,0,-1,1,-10,-12,handlateral
2,16,33,33,21,3,10,8,-19,-2,-25,-17,-53,-18,3,-8,handlateral
-10,-49,-71,-42,-33,-10,-23,-26,12,28,63,65,127,23,12,11,handlateral
16,9,22,-14,44,17,26,25,43,58,69,39,47,-24,14,26,handlateral
-13,-2,-20,-49,-28,4,-6,-10,-33,-101,-42,-3,22,-12,-15,-18,handlateral
-39,-128,-87,20,51,6,2,-12,10,35,26,-7,0,27,13,12,handlateral
4,17,13,22,-26,-9,-5,0,14,30,22,11,-15,-36,-15,-10,handlateral
1,9,-10,-39,-6,11,4,5,-3,-5,-21,17,-8,-7,1,7,handlateral
12,24,35,-25,8,11,8,5,-13,-11,-17,-16,-4,-21,-29,-31,handlateral
-16,-61,-37,19,67,6,-16,-22,-11,22,-40,-24,-22,0,-7,-9,handlateral
-7,-77,-128,-124,-71,23,-4,0,-31,-64,-128,-128,-103,-110,-72,-39,handspherical
-9,-49,-73,-63,60,43,75,-2,6,22,0,-50,-86,-33,-10,-8,handspherical
109,127,127,127,51,67,44,43,34,39,127,127,120,29,-79,13,handspherical
-128,-128,-128,127,-40,-17,0,-36,47,44,127,80,34,-23,26,20,handspherical
-25,-16,127,85,4,22,-3,-8,-19,88,-74,63,1,35,14,-10,handspherical
-7,8,76,84,-15,-12,-14,-14,-13,-20,22,-38,-8,-15,-22,-13,handspherical
-16,-36,54,23,1,1,3,-7,-8,-38,-30,17,-14,22,23,8,handspherical
37,86,-3,-128,-24,11,71,21,3,17,16,7,-9,8,2,-8,handspherical
-28,-92,-89,28,52,109,-43,-22,14,4,-12,13,23,51,46,13,handspherical
-4,-43,-120,-128,-32,-94,-70,-13,127,127,127,-107,-47,18,58,46,handspherical
25,127,127,127,38,11,17,8,-128,-128,-128,-128,-25,-5,-23,-74,handspherical
-11,-67,-50,-8,-71,-45,11,-6,44,127,127,109,27,6,3,10,handspherical
4,-40,-97,-90,35,-93,69,31,-1,16,-74,-128,-59,-36,-16,-9,handspherical
1,0,12,40,2,-51,23,1,-17,-12,16,109,-35,26,-29,-7,handspherical
-2,-4,-48,-128,-11,3,8,0,-1,-18,-71,-72,15,4,12,8,handspherical
-7,-37,-39,100,-24,3,-27,-3,22,18,-9,9,-22,8,25,11,handspherical
3,-9,15,-46,41,4,-22,-3,-12,22,-22,-15,26,-36,-9,-13,handspherical
-28,-71,-128,-37,59,24,34,-3,9,44,-88,70,13,24,14,4,handspherical
3,19,127,9,38,-22,-38,1,-24,-46,-68,-55,39,22,10,0,handspherical
12,20,-6,90,58,-84,43,9,32,97,127,31,-8,-121,-2,10,handspherical
30,53,85,88,-12,-23,-7,12,11,28,112,110,-25,-8,16,-8,handspherical
2,5,2,-70,46,39,-115,0,6,-8,-5,36,-50,-29,23,3,handspherical
25,24,20,-26,20,37,45,25,1,5,-12,-59,15,102,12,-6,handspherical
-5,-14,-52,-128,-96,-44,-29,-21,15,87,33,-103,2,-3,-41,-4,handspherical
-22,-16,20,57,24,-2,-3,-8,-5,-29,-22,40,-40,-13,10,7,handspherical
-11,15,36,24,5,-8,-20,-17,-39,68,-101,33,-17,5,3,-13,handspherical
0,22,13,40,30,-31,-24,-5,-15,-33,-46,39,48,17,13,6,handspherical
-5,-1,27,40,-25,28,53,3,2,48,67,-3,9,35,59,15,handspherical
53,101,115,-37,-60,-37,-51,2,-11,12,69,102,20,-10,-92,-41,handspherical
21,8,-79,-128,-36,29,28,19,20,60,64,-23,69,-28,7,0,handspherical
14,-23,-12,59,4,-10,13,9,17,-38,20,-19,-5,30,27,18,handspherical
-15,-23,43,7,-17,-20,-19,-16,-86,-128,-96,113,57,-17,-30,-39,handspherical
0,-49,-128,-80,35,-110,29,8,5,13,13,25,-13,-46,-10,-1,handspherical
7,16,-37,-47,-24,8,27,5,-3,52,-13,-128,-27,2,9,-4,handspherical
14,26,34,7,27,29,3,4,29,48,-6,36,47,67,42,19,handspherical
73,127,127,127,53,46,-27,22,3,40,112,5,-7,-7,-128,-12,handspherical
-69,-66,-128,-35,-69,-14,-6,-30,46,4,9,-69,-30,2,29,22,handspherical
-41,-63,52,127,-6,17,1,-9,-37,-10,-128,-57,27,13,4,-13,handspherical
1,9,48,71,-27,66,43,8,-10,29,127,127,-26,-38,-28,-20,handspherical
-19,-44,-12,-119,-13,-96,-116,-21,-4,-1,54,21,3,-17,-5,-7,handspherical
31,33,82,40,-7,-1,2,10,11,1,-103,-99,-21,-32,34,8,handspherical
67,114,79,78,4,1,-20,18,36,64,48,-128,-64,21,97,21,handspherical
-40,-26,-54,6,6,-9,-4,-19,38,66,105,127,86,16,11,19,handspherical
-23,-33,96,127,23,10,9,-2,-8,10,27,7,-22,-4,-21,-9,handspherical
3,2,24,2,-27,-30,-10,-6,2,-25,-125,-128,-28,-23,1,-4,handspherical
-20,-34,52,118,-3,11,19,-5,-51,-118,-128,-103,2,1,-10,-15,handspherical
-4,24,84,17,-45,-13,-1,-11,-5,-7,35,-21,-33,-6,-5,-6,handspherical
0,23,127,127,71,9,-41,0,7,40,126,25,-23,13,4,-7,handspherical
37,77,115,20,8,50,10,10,12,0,-79,62,39,67,21,16,handspherical
-19,-27,-26,-107,-23,54,23,-6,26,9,103,117,8,-90,-72,11,handspherical
-10,-34,38,59,-29,2,13,1,56,127,127,116,8,48,43,16,handspherical
-4,24,-31,-128,54,-41,-6,-11,-109,-115,-128,-128,-45,-20,-16,-41,handspherical
-9,-4,-70,-124,-40,-12,8,-5,16,59,60,-7,-23,-6,6,4,handspherical
13,27,-23,-32,-43,8,7,3,1,-30,-101,40,3,20,93,8,handspherical
-18,15,-87,-112,-107,67,-10,-37,47,-19,-43,-12,-75,-25,127,127,handClose
-3,-52,38,105,127,7,-128,-116,55,-13,69,127,85,-14,96,127,handClose
-90,-6,-69,-128,-128,-69,-114,-80,-57,-21,-34,-128,-128,-4,-34,-43,handClose
50,127,35,-20,89,127,127,103,56,45,39,90,127,127,105,37,handClose
-102,-128,-122,-34,57,-76,-128,-128,7,-47,-2,-27,-128,-128,-70,33,handClose
-13,-62,-59,-111,-128,35,37,48,-40,-86,12,11,96,50,-23,-14,handClose
50,127,91,89,127,4,73,59,-10,-32,-16,-34,-89,18,-1,0,handClose
-16,-66,3,14,-5,-69,14,69,-20,9,35,-38,-59,-109,-90,-54,handClose
-10,-18,39,110,32,104,91,69,59,9,-15,-11,5,71,68,57,handClose
-66,-25,-93,-94,-1,22,-128,-128,1,2,-63,58,43,85,58,80,handClose
20,-1,55,-17,-20,16,57,77,22,21,49,15,-46,7,1,-6,handClose
-5,-23,-10,-20,-128,-71,23,-3,-16,-38,-63,-80,113,39,-13,-33,handClose
-36,-2,6,22,73,51,-76,-108,47,53,49,103,3,51,53,67,handClose
14,17,1,-5,-128,-33,57,58,-20,5,27,-30,65,2,-32,-3,handClose
-4,-29,6,-20,37,-27,-128,-67,-27,-27,-22,1,-18,-28,-66,-113,handClose
31,25,26,-18,-89,-23,19,-1,-6,-3,18,-11,-27,2,12,-10,handClose
37,48,54,72,127,127,69,42,-6,-17,-23,-26,-72,-106,-45,20,handClose
13,22,39,57,-11,53,30,43,2,-22,-4,11,-30,68,-39,-47,handClose
-43,-28,-39,-26,-9,-105,-31,-35,1,2,-33,-11,84,-11,-1,2,handClose
14,27,13,6,16,-11,-12,-25,-11,-19,-5,-43,-107,67,15,15,handClose
-33,-61,-31,-15,-27,-13,-21,-13,-1,9,4,47,127,-102,23,23,handClose
-5,-4,12,-10,-90,-86,-27,-8,9,8,-5,8,6,11,21,19,handClose
15,6,9,22,127,80,32,15,3,-12,-25,-75,-72,-3,50,87,handClose
-4,-7,8,-2,-67,19,15,-9,-36,11,37,52,-62,2,-78,-128,handClose
3,26,50,-45,-128,-6,41,97,-16,-87,-52,-8,-20,22,12,9,handClose
-11,-41,-78,-27,-128,-10,-55,-90,-65,-34,-21,-55,51,-60,-43,-101,handClose
36,11,16,21,-10,62,34,120,39,51,51,63,-127,-29,-19,-25,handClose
-25,84,0,-16,7,37,-11,-11,-1,-22,-11,-28,-19,9,28,28,handClose
14,68,13,127,36,37,16,8,12,-4,14,-22,1,10,14,26,handClose
-17,-46,-11,-39,-44,-3,79,49,-50,35,-61,-43,-32,8,-89,-76,handClose
-7,-50,2,-34,-33,-51,-39,16,16,13,22,19,-2,14,16,-8,handClose
0,25,5,20,-44,-35,-35,-43,-15,-31,-41,-89,-128,-59,-26,-31,handClose
-3,-3,-9,-42,-17,27,25,30,36,71,58,89,127,-31,54,48,handClose
5,-3,4,-4,14,9,85,66,-8,-4,-11,-16,-37,-25,2,-16,handClose
-25,-13,1,-7,9,-26,-128,-90,-5,-9,-12,-12,-25,13,11,9,handClose
-12,-46,-45,13,35,-3,-22,-21,1,2,-6,-12,-6,-10,-8,7,handClose
-11,22,-6,-30,-128,-41,-40,-62,-3,-6,-1,-28,-53,-1,11,5,handClose
28,6,8,8,127,70,56,37,-10,77,15,-17,-67,-23,-39,-54,handClose
14,32,49,59,54,-9,19,27,-19,-90,-77,10,-103,-5,34,46,handClose
16,27,13,34,97,16,22,13,0,-7,-10,-76,-12,13,23,22,handClose
38,31,42,51,53,55,91,109,0,-3,8,16,23,-30,22,53,handClose
-41,-17,-26,-18,-6,-39,-82,-67,11,3,11,-7,-59,59,43,27,handClose
2,0,1,-17,-34,-12,-36,-44,33,53,98,81,127,53,30,13,handClose
19,40,60,34,99,21,-24,-33,-12,-29,-128,-62,-19,-29,-1,14,handClose
-3,-43,-10,-14,-40,-43,27,29,-21,-20,16,20,-67,-8,-71,-84,handClose
-11,-41,-25,-26,-21,-7,15,17,-30,-69,-80,-32,-32,43,19,-26,handClose
23,21,63,47,1,12,-7,2,-12,16,3,4,-35,10,1,-9,handClose
-36,-39,-1,2,79,-74,-71,-87,8,5,43,24,-17,-22,-59,-52,handClose
29,16,33,51,127,115,72,66,-15,-51,-66,-20,-79,-48,-26,-11,handClose
-25,-30,-7,-12,-40,39,59,13,-19,-14,-103,-16,12,-4,-10,3,handClose
16,0,11,-4,0,-123,-5,15,-12,-12,18,29,35,-3,17,-12,handClose
-40,-25,-24,-75,-117,-23,-48,-49,7,3,-1,-23,-128,-33,-1,23,handClose
14,-3,14,0,3,23,14,9,31,32,7,86,127,53,73,57,handClose
-16,-7,-6,6,1,13,-45,-47,0,-26,-28,-4,-42,-45,18,31,handClose
-10,6,9,-15,11,-28,0,11,-1,13,10,0,60,-11,0,-37,handClose
20,23,43,-7,17,15,32,39,4,-4,-7,-23,-60,62,-33,-7,handClose
36,66,28,4,-17,-48,-128,-3,7,14,-17,-18,-18,0,29,7,handOpen
7,-12,-73,-47,29,11,15,7,3,19,37,127,53,-56,-128,-18,handOpen
10,37,100,54,-7,19,12,0,-6,13,62,-84,-35,-30,2,-4,handOpen
-6,-3,39,42,-35,91,-21,-3,-5,-22,-101,-128,-66,-37,-16,-8,handOpen
8,13,26,91,127,127,0,6,5,18,25,-9,-14,0,-4,3,handOpen
3,15,36,49,61,39,-35,-7,-15,-56,-98,-84,1,-22,2,-9,handOpen
39,87,53,-33,40,34,10,16,1,7,64,74,40,-6,23,8,handOpen
-16,-39,-45,-81,21,-11,-15,-8,39,66,42,-59,11,31,69,68,handOpen
3,-17,-62,65,31,-58,12,8,-26,-7,0,81,55,-29,-36,-51,handOpen
4,37,58,-9,15,11,-4,8,-23,-8,5,-40,-128,-72,29,-58,handOpen
19,39,66,-120,24,4,21,16,24,33,78,56,94,-11,-39,20,handOpen
4,15,-52,127,80,7,12,7,21,27,10,16,-4,-4,5,11,handOpen
-31,-2,-16,-41,-51,-18,-14,-14,13,25,8,-22,36,21,15,7,handOpen
-5,2,45,-109,-27,0,-26,-36,5,-4,39,74,-43,23,0,9,handOpen
9,1,-68,-69,-21,40,28,14,4,11,2,117,24,15,103,18,handOpen
2,-15,-8,11,-4,-3,6,6,0,-12,23,86,62,19,-1,0,handOpen
-4,14,10,0,25,1,17,2,-6,-15,11,51,52,102,3,4,handOpen
9,16,-27,-19,46,26,20,20,28,87,27,-128,-116,-44,-44,-14,handOpen
3,25,40,-8,6,58,10,4,-79,-128,-88,127,23,-7,-12,-29,handOpen
5,-7,-66,-92,-37,-2,3,2,1,-3,3,-32,-46,-10,-5,-3,handOpen
-6,-25,-24,26,10,8,0,-2,-5,-9,-4,-4,-69,40,23,-4,handOpen
-2,3,11,3,22,8,3,0,1,4,15,25,58,0,-16,-7,handOpen
-1,1,9,6,-1,7,0,1,-11,-17,-9,87,4,7,-1,-4,handOpen
-1,-1,29,57,-12,-6,19,-3,12,38,58,-68,-48,-4,-1,6,handOpen
-6,-27,-44,-35,-1,42,-2,8,-6,-12,-52,31,115,-28,9,4,handOpen
11,38,58,-67,2,104,36,9,-25,-55,-117,-73,36,-10,-51,-14,handOpen
11,13,30,13,11,-33,2,20,3,10,27,34,-27,19,-18,-14,handOpen
-2,47,23,30,-3,-14,0,0,-20,-23,-44,-79,-83,-36,-25,-17,handOpen
-23,-68,-128,-83,-34,-24,-3,-22,44,71,127,127,10,-9,-3,41,handOpen
-1,3,5,-53,-60,-10,-2,3,-2,16,-20,-2,-9,-1,-4,-4,handOpen
4,17,35,-5,29,-25,-20,-16,-34,-64,-45,3,22,-5,-14,-20,handOpen
4,4,24,84,43,13,10,6,8,25,95,112,41,8,13,9,handOpen
-12,-19,-36,-63,-14,-9,-3,0,6,-10,-29,16,-2,22,19,-2,handOpen
-19,-37,5,31,33,45,17,-7,-5,-14,-25,-36,-107,-47,-10,-4,handOpen
17,25,35,25,-51,-39,-15,9,6,16,-18,13,-6,1,9,5,handOpen
-1,28,46,46,-33,-26,-1,6,-3,-30,-37,-60,-18,0,-8,-1,handOpen
6,-7,2,85,93,18,16,16,2,14,-6,-105,-80,-3,-10,-8,handOpen
-3,-8,-25,17,38,17,26,4,-5,-6,-60,-56,-85,19,-5,-6,handOpen
6,21,32,39,-31,-57,-61,-3,7,23,59,63,-19,6,8,2,handOpen
-8,-57,-81,-86,-38,-6,5,0,0,2,8,-54,-72,-44,-7,3,handOpen
3,-6,-6,40,50,113,7,5,6,15,51,66,49,47,3,-5,handOpen
-1,8,5,42,8,-22,-9,-7,6,23,-49,-82,8,-41,-21,-9,handOpen
21,59,34,-37,3,28,29,9,-12,-61,-26,32,108,1,11,5,handOpen
-19,-41,-10,72,77,24,-21,2,5,16,-35,-59,-28,-3,9,3,handOpen
-15,-11,24,47,-2,-28,-40,-40,-2,9,6,-3,10,27,7,4,handOpen
-25,-95,-60,-8,-1,-25,2,-7,5,-14,-92,-76,4,10,21,16,handOpen
-2,-4,-14,-4,-54,5,-11,-5,12,45,57,-27,-10,2,11,5,handOpen
11,22,-16,-117,-100,0,6,4,-14,-43,-114,-66,10,-10,-4,-2,handOpen
4,21,4,13,14,1,-1,-6,10,13,12,-25,9,1,2,3,handOpen
-7,0,6,-10,-6,-9,-17,-11,7,23,23,12,10,5,4,-1,handOpen
10,10,2,-10,22,19,8,3,-11,-21,-22,5,12,-1,0,-1,handOpen
2,13,12,25,0,25,10,-3,3,1,-3,-32,-73,-31,-4,3,handOpen
-7,-2,22,34,46,-9,-10,-4,18,31,39,55,21,-21,10,6,handOpen
2,8,19,-12,-24,-5,10,-12,-16,-41,-32,-73,-18,-7,13,9,handOpen
3,-1,-3,-2,-1,-1,2,0,-3,-2,0,1,2,2,-2,1,handRelax
-2,-2,2,0,-1,-2,-4,-1,3,-1,0,1,-1,1,2,-4,handRelax
-1,4,2,1,1,-1,2,-3,-2,-1,-3,-3,-5,-6,-3,0,handRelax
-4,-2,-4,-6,-3,-3,-1,0,3,5,0,0,-1,-2,3,0,handRelax
-6,-4,-2,2,-1,-4,-3,-3,-2,-3,-2,6,3,-1,1,-5,handRelax
2,2,1,1,2,-3,1,0,-6,-4,-3,-23,-12,-5,-5,-1,handRelax
-1,-5,-4,-1,3,-1,-4,-1,-4,1,-2,-3,-3,-4,-1,1,handRelax
-2,-1,0,0,1,-2,-2,1,-1,-3,-3,-3,-5,-1,-4,0,handRelax
3,2,1,1,5,-2,-1,-2,-3,-2,0,-2,-2,-4,-3,-3,handRelax
-4,-2,-2,-1,-1,-2,-5,-1,2,1,3,4,-1,-4,2,-1,handRelax
-3,0,0,-1,-1,2,-2,-1,-1,-2,0,-4,5,2,4,1,handRelax
2,1,6,0,2,3,4,-1,-6,-2,0,4,0,4,-1,0,handRelax
-5,-5,-4,-5,-1,-2,-4,-1,2,2,-1,-7,-5,1,1,-2,handRelax
0,1,3,2,1,4,2,2,-1,-2,-5,-4,-2,-5,-3,0,handRelax
0,0,0,1,1,0,0,-2,-3,-2,-2,1,-2,2,-3,0,handRelax
-3,-3,-3,0,-2,1,-3,1,3,-2,0,-1,0,-1,4,3,handRelax
1,0,2,0,-1,-2,2,-4,-6,-3,-1,-4,3,0,-3,-1,handRelax
-1,-3,-4,-4,11,-1,-1,1,-2,1,1,-1,-7,-3,-3,-2,handRelax
-6,-1,-1,-3,0,-2,-3,-2,2,1,4,2,-4,-1,3,-2,handRelax
-2,0,2,10,3,2,2,-2,-5,-1,-2,-1,-2,-3,-2,-2,handRelax
-3,1,0,-13,-5,-1,-2,0,1,-1,1,0,-1,-3,-1,-2,handRelax
0,0,0,1,-1,-1,-3,1,1,3,2,3,2,4,0,-1,handRelax
0,1,2,2,1,2,1,-3,-5,-4,-3,-3,-1,0,-3,-1,handRelax
-2,-5,-1,-2,-3,-2,-7,0,0,5,0,-7,-3,3,1,-1,handRelax
-2,-4,2,1,-2,-3,-2,1,-3,2,-3,-1,1,1,-2,-2,handRelax
6,1,2,-1,3,1,2,-5,-2,-4,-5,-3,-1,-1,-5,-5,handRelax
-4,-4,-5,-4,2,-4,-5,-2,-1,0,2,0,-3,0,-1,0,handRelax
-3,1,2,-2,-9,0,-1,-1,-4,-3,-5,-2,-3,1,-3,0,handRelax
3,2,0,4,-2,1,1,-1,-4,-2,-3,-1,-2,0,-2,0,handRelax
-4,-2,-1,-1,-1,-1,-2,1,2,3,3,3,0,-2,0,0,handRelax
-2,2,0,3,6,1,-3,-3,4,-1,-5,-1,1,2,1,-3,handRelax
2,3,1,-5,-6,0,2,0,-1,-4,1,1,-2,-1,-1,-1,handRelax
-3,-4,-2,-2,-3,-3,-4,0,1,3,3,3,-1,-1,4,-2,handRelax
3,1,0,2,1,0,-1,-3,-1,-3,-2,-2,-1,2,-4,-2,handRelax
0,0,2,-2,0,-3,-1,2,-5,1,1,-2,0,-1,-1,3,handRelax
-6,-4,-1,0,-5,-3,-1,0,1,1,0,0,3,0,1,-3,handRelax
0,2,2,2,-2,-2,3,-3,-6,-3,0,-5,0,-4,-4,-2,handRelax
-2,-1,-3,-2,-3,1,1,0,-2,-1,2,1,2,-1,-2,-1,handRelax
0,-1,0,-4,-4,-4,-2,-1,1,1,1,-3,-4,3,3,2,handRelax
5,1,1,1,2,0,1,-3,-3,-3,0,-6,-3,-4,0,-1,handRelax
0,-1,-4,-1,-1,-1,-1,-1,3,0,2,0,3,2,1,-1,handRelax
-3,1,0,-13,-15,-4,-1,-1,4,0,-2,0,2,2,-1,-2,handRelax
4,2,0,2,9,0,2,2,-3,-3,-2,-3,-1,-2,-1,-3,handRelax
0,-5,-1,-3,-2,0,-5,-1,1,1,3,0,0,-1,1,-2,handRelax
-3,-6,-1,-1,-4,0,-1,1,1,2,0,3,10,1,-2,0,handRelax
1,-1,-4,-1,2,-2,1,1,-1,-3,-3,-11,-14,-3,0,-1,handRelax
-3,-5,-2,-4,-5,-2,-5,-3,2,0,0,0,-3,1,2,3,handRelax
0,2,0,2,1,0,-2,0,-6,-1,-4,-4,-3,-2,-2,-2,handRelax
0,0,-1,-2,-1,1,1,-1,-5,-1,0,-2,0,-2,-1,1,handRelax
-3,-1,-2,5,1,-1,-1,-1,0,-1,2,1,1,2,-1,1,handRelax
-1,0,-1,-6,-4,-1,3,1,-1,0,-1,-2,2,0,-1,-3,handRelax
3,0,-1,-4,-3,1,1,-3,-2,2,0,3,1,2,0,-2,handRelax
-4,-5,-5,-1,0,-1,0,0,2,4,2,2,5,-2,2,1,handRelax
4,3,1,12,-4,-1,6,0,-2,-2,-2,-4,-1,-1,-1,0,handRelax
4,-1,-5,-26,-16,-2,0,1,-1,-2,1,4,3,-2,0,-1,handRelax
-5,-1,-3,-2,3,-2,-7,-2,5,-2,-1,2,1,0,1,-2,handRelax
-29,16,-20,-34,15,-16,-27,-32,-24,14,-73,45,50,56,-34,-56,handlateral
40,29,26,-21,36,-3,28,32,12,24,-37,14,33,-31,-23,11,handlateral
12,9,51,26,-36,-4,29,-1,24,45,62,-60,60,45,26,24,handlateral
-7,-17,-49,-55,-29,-75,-36,-18,-12,37,112,4,-75,-6,-60,-46,handlateral
-28,4,-17,-52,13,63,11,-9,35,42,-111,33,127,21,79,48,handlateral
-24,-69,-23,-51,-53,-60,-65,-18,-7,-12,-12,-37,-25,-40,7,8,handlateral
7,40,17,31,-15,-10,2,-15,-9,5,11,-11,-28,17,-8,-24,handlateral
-1,-22,50,7,10,-9,7,6,-52,-33,-16,-28,-50,-48,-37,-36,handlateral
-17,-61,-116,-24,-12,2,2,-12,21,7,-25,-5,-37,53,1,38,handlateral
-17,-43,-119,-66,-47,4,52,15,-2,40,127,107,81,-72,-23,-26,handlateral
-2,-11,41,21,3,8,9,-1,14,72,8,-49,-31,-31,-30,-20,handlateral
-6,16,33,27,2,2,-38,-6,1,-2,68,41,39,20,29,14,handlateral
18,42,24,-5,-8,-5,20,19,12,39,0,20,-103,-47,-3,-23,handlateral
21,7,55,16,-8,19,17,12,41,-94,-54,24,127,33,51,66,handlateral
-14,-13,-18,-4,-23,-31,16,-10,1,12,-45,-42,-10,19,8,18,handlateral
31,4,-7,-63,-69,-36,-76,3,-17,-96,-128,-7,-19,11,-4,-11,handlateral
-12,12,2,-22,-17,2,7,-11,7,21,43,1,24,-9,7,9,handlateral
-43,-82,-128,-98,58,-27,-18,-32,1,16,25,44,12,11,1,-9,handlateral
-21,18,25,-5,-128,-111,-44,-32,35,22,127,47,-36,22,40,43,handlateral
16,39,76,114,127,59,-20,-13,-11,-17,-91,-13,-35,-15,10,0,handlateral
-8,-9,10,-7,-42,-32,-19,-10,-8,28,83,2,-19,19,-10,-10,handlateral
42,22,101,52,-3,10,11,23,21,-3,-39,12,28,5,15,31,handlateral
-40,-62,-128,-82,-33,3,-27,-35,-11,-2,-29,-15,7,12,9,12,handlateral
17,-21,5,17,21,-36,34,38,-49,-11,-41,-66,-46,-18,-35,-46,handlateral
-2,30,51,-10,-26,13,-42,-21,16,-29,17,70,54,-2,-11,2,handlateral
2,14,26,51,-23,22,35,15,1,104,59,-59,-67,-45,-41,-13,handlateral
-6,-14,-2,32,24,9,-23,-10,-13,-97,-128,-102,16,12,7,3,handlateral
-10,18,-18,-128,-128,-78,-29,-28,-43,-105,-92,-62,-107,-66,-16,-16,handlateral
40,71,97,91,107,70,47,42,6,-26,-46,0,116,42,1,-2,handlateral
-23,-12,-6,-41,-52,-17,-86,-54,4,26,12,5,-7,8,7,3,handlateral
26,5,19,4,12,35,38,34,11,9,33,42,25,23,45,5,handlateral
-14,18,-6,-16,-28,-26,-37,-36,-32,1,38,-46,-50,-10,-19,-28,handlateral
3,-17,-3,-1,22,0,6,8,7,-6,0,24,6,-17,-5,-3,handlateral
1,6,-34,-35,7,7,22,-4,-14,-6,-21,-19,7,-2,-8,-12,handlateral
11,-4,-14,-2,3,14,-20,14,-17,-4,46,27,-6,-6,-11,-10,handlateral
-7,-13,-21,-6,-4,-13,-15,-3,-1,-11,-2,7,25,-14,-1,-1,handlateral
10,10,-17,-6,1,-1,7,7,-23,26,-9,-93,-65,-19,-23,-25,handlateral
7,-1,0,-11,-21,-10,-3,-1,22,24,-65,53,31,18,1,10,handlateral
-10,-28,11,67,19,9,10,7,-4,14,37,-5,-4,-4,-3,-3,handlateral
6,8,-7,-51,-15,-6,4,4,-4,-7,-6,15,22,-7,-2,3,handlateral
-4,3,-1,10,-15,4,-3,-2,4,28,51,59,24,18,21,1,handlateral
13,14,45,14,-12,-13,11,12,-30,-61,-101,-22,-27,-44,-42,-23,handlateral
-13,-1,-28,-19,36,1,-10,-11,5,20,-6,-27,6,11,-9,-2,handlateral
10,-22,8,75,32,9,21,35,12,20,-9,27,67,25,-9,1,handlateral
-8,-7,-30,-119,-73,-29,7,-3,-22,-14,-24,-31,-30,-14,-11,-12,handlateral
12,10,-23,12,-9,-17,-8,12,0,1,21,3,-10,5,10,15,handlateral
-12,-38,-79,-103,-42,-11,-15,-16,5,-16,-25,0,24,14,13,3,handlateral
5,37,50,8,18,6,7,4,-9,-10,-29,-25,-3,-7,-1,-4,handlateral
-2,-10,-9,8,-5,-6,-2,-2,7,6,9,21,17,7,7,2,handlateral
0,-5,3,5,-3,13,-6,5,0,0,16,6,9,1,3,-4,handlateral
-3,1,-21,-2,9,13,-11,0,2,13,11,-2,-1,-10,20,6,handlateral
-5,-16,0,-15,-17,-25,4,2,-8,-55,-6,-8,9,16,14,2,handlateral
-16,35,12,26,-9,-19,-27,-30,-12,-3,-18,-15,-15,3,5,1,handlateral
-2,-11,2,-62,-11,4,3,6,30,31,29,7,0,-17,-14,5,handlateral
1,-1,-6,40,3,1,6,6,-7,16,-4,-8,21,-8,-9,-18,handlateral
13,1,20,2,2,14,14,22,-5,-7,-18,-7,-1,-16,-38,-5,handlateral
-7,2,125,2,27,-1,-9,-9,-19,49,-114,23,-9,40,39,-4,handspherical
-3,10,-11,127,4,53,16,9,35,35,102,127,34,94,49,22,handspherical
1,-1,-128,-128,29,-20,61,4,-24,-77,-123,-30,-58,-76,-77,-26,handspherical
-4,30,-29,-32,-1,17,30,-5,105,127,127,-36,34,21,-27,49,handspherical
8,33,-52,-128,-57,-74,63,-6,-128,-128,-128,-71,-52,-16,-26,-59,handspherical
36,37,74,76,-5,10,51,37,-17,-19,70,127,-6,-10,32,-13,handspherical
7,-2,-42,-128,-15,6,33,3,4,7,57,127,5,-9,2,-2,handspherical
23,33,127,-128,-71,28,-120,1,20,21,113,65,75,3,8,15,handspherical
-7,-37,-128,41,51,-78,-128,-10,-34,-22,-5,7,-16,26,-59,-22,handspherical
39,89,62,-128,-62,-44,24,18,1,16,39,11,49,12,53,3,handspherical
-17,-55,-10,-128,-88,6,23,-11,-40,-81,-128,-128,-85,-54,-92,-52,handspherical
0,0,38,6,-41,-18,-48,-13,-5,12,-43,-30,-15,-5,3,-3,handspherical
36,64,52,44,8,-33,-2,20,-35,-53,-83,-128,-79,-6,41,-17,handspherical
-42,-105,-128,-42,43,26,126,-6,27,106,5,-6,-14,36,30,19,handspherical
31,112,73,17,15,26,-32,14,-15,12,45,67,28,-6,-29,-13,handspherical
5,44,127,127,68,28,19,11,-8,-45,-14,9,5,29,48,4,handspherical
-21,-77,-66,-49,-29,6,-3,-8,32,36,127,127,54,-14,-6,6,handspherical
9,37,40,82,12,-4,-18,-9,30,31,-114,-128,-97,-83,-6,6,handspherical
13,41,95,-6,4,15,-58,7,-7,-30,-83,-88,-1,4,-29,-3,handspherical
29,11,64,24,-4,-5,3,9,-9,7,53,110,50,32,-21,-8,handspherical
-9,51,-128,-117,-50,-20,15,-11,-20,-13,-118,-117,-57,-41,17,-11,handspherical
-9,24,-95,-71,5,27,24,17,8,20,-42,30,13,12,14,6,handspherical
9,-3,46,-56,-54,-18,13,6,16,35,2,-75,-52,21,95,18,handspherical
9,-15,-19,-73,-19,25,-26,-1,-24,-22,11,-31,-34,-128,-128,-33,handspherical
-1,4,32,-45,-13,-33,29,-12,12,8,-4,49,-2,-11,45,6,handspherical
2,5,121,127,67,54,64,19,-10,-54,-111,-84,-51,-16,-8,3,handspherical
7,31,-29,-24,5,-18,-1,-3,7,-21,-42,-9,21,-7,-49,7,handspherical
-17,-91,-116,-50,-33,-14,1,-1,-2,8,0,-128,-25,-52,-122,-27,handspherical
8,77,108,127,67,40,38,-10,-6,28,-6,-1,-4,15,18,7,handspherical
-16,-46,-60,-29,-68,-51,-16,-9,11,2,77,60,59,-1,-1,3,handspherical
5,11,-4,-12,-46,-14,7,0,49,127,80,-107,-40,-9,3,5,handspherical
18,35,24,-53,-60,-2,35,-1,-61,-65,-52,81,18,-17,-10,-22,handspherical
27,35,35,41,122,-26,-53,11,2,54,12,23,-25,4,-4,-2,handspherical
12,74,127,127,21,15,2,14,-14,-34,-25,-30,-18,-21,-18,-20,handspherical
5,-35,-94,-128,-39,2,11,1,-7,-40,-61,-41,-21,-18,13,-2,handspherical
30,59,12,-60,49,49,37,30,4,-1,22,39,23,68,-28,-1,handspherical
1,0,30,-42,-17,-20,18,-2,-1,-11,26,-38,-36,4,39,-7,handspherical
20,36,110,127,44,-1,3,15,8,12,94,-8,-8,3,96,0,handspherical
-1,-8,25,-47,2,-26,-7,-2,18,67,35,118,24,9,-23,12,handspherical
-7,34,95,113,26,3,-5,-5,-39,-64,-23,10,-8,-11,-11,-20,handspherical
-19,-31,-52,-13,-54,-71,-15,-13,19,13,72,127,45,20,24,20,handspherical
11,-13,-84,-73,3,34,44,29,3,-9,-47,-100,-34,0,5,-5,handspherical
-17,-23,39,-21,-1,0,10,-9,15,9,17,9,20,3,-27,4,handspherical
32,51,-11,-103,-63,-6,0,10,20,12,13,97,40,14,18,21,handspherical
-14,-35,-44,17,7,-10,-15,19,-6,-38,8,11,-6,-3,5,3,handspherical
-5,24,4,-29,-9,-5,-1,-37,-32,-108,-128,-74,-46,-7,-3,2,handspherical
22,76,93,-17,-8,7,8,12,-14,21,54,18,7,-10,-4,-12,handspherical
-8,-7,32,-11,-1,6,0,-3,12,30,94,108,35,46,0,-1,handspherical
2,1,80,111,24,1,10,1,17,7,-30,127,4,-2,4,21,handspherical
-8,-14,-35,-83,-16,-22,-22,-17,8,17,-101,-74,-16,-12,53,11,handspherical
7,5,52,-123,-24,22,24,13,2,-16,-10,-2,17,27,36,5,handspherical
9,66,93,-11,22,-22,12,3,-3,-2,5,78,33,7,-84,-9,handspherical
-3,-30,23,-84,-8,16,61,7,-28,-66,-94,88,-64,-38,-8,-1,handspherical
-7,-6,-3,27,3,-8,-15,0,-39,-128,-128,10,-18,2,2,-3,handspherical
31,35,20,-128,-41,-5,10,10,-6,-24,-8,57,6,-27,-21,-14,handspherical
12,52,127,127,124,20,-29,4,51,90,127,127,59,28,10,22,handspherical
12,106,26,2,-128,-128,-128,-128,-18,-19,-36,10,-128,-16,-52,-128,handClose
29,-1,79,-12,127,-7,-47,-21,-31,9,15,-77,-38,-41,-104,3,handClose
-53,-45,-89,-4,56,-56,16,35,-3,-89,-56,-36,-128,-96,49,50,handClose
99,127,62,45,-87,57,112,50,-52,-74,-45,-34,-122,-57,-128,-89,handClose
-3,-103,30,127,127,127,82,51,9,4,-21,-68,-73,39,82,40,handClose
-4,-24,-6,-43,-128,-28,44,-33,48,105,127,127,58,-14,42,38,handClose
29,16,65,103,127,-2,-128,-8,-14,-30,-32,6,-13,4,52,18,handClose
87,121,127,40,-70,90,127,65,-55,-128,-72,22,-38,-128,-128,-82,handClose
-104,-128,-119,-61,-82,59,-28,-115,-5,40,21,59,60,79,-32,-52,handClose
51,53,10,72,127,126,41,-1,13,-11,-56,-107,-52,-43,68,68,handClose
62,85,82,-16,-128,100,127,122,19,-20,1,-10,-128,-104,106,108,handClose
-117,-128,-122,-92,42,-128,-121,-78,-9,25,-128,-58,-128,-84,-87,82,handClose
3,97,52,70,84,-101,-66,-78,38,26,38,14,-42,-44,-100,-29,handClose
51,67,127,23,-128,-128,14,96,-14,10,19,7,-107,22,-12,-28,handClose
-79,-68,-123,1,-66,26,17,-116,15,-1,-29,-93,-128,48,117,60,handClose
28,74,100,27,127,-84,-128,-56,73,127,77,21,127,17,-28,-25,handClose
-128,-128,-128,-95,-128,-97,-124,-115,22,12,28,9,37,16,28,33,handClose
-32,60,7,6,-128,-128,-22,-68,7,-9,-2,-4,-73,3,-8,26,handClose
94,116,70,126,127,-63,-57,57,19,-21,10,-53,-33,-10,78,66,handClose
-25,-87,-96,-65,-128,-8,-1,3,62,65,65,-17,127,112,127,78,handClose
6,30,29,36,92,-128,-39,4,-48,-92,-78,-3,19,-116,-128,-128,handClose
-11,127,-128,-16,-128,-53,64,-74,-18,-7,-14,2,94,-32,49,3,handClose
5,74,56,29,127,32,-128,-54,60,15,81,29,127,127,95,102,handClose
32,42,55,4,22,127,26,27,20,23,0,-1,-25,52,-21,47,handClose
-38,-60,-68,-98,-128,-128,-49,-25,-43,-32,-27,-72,-128,-128,-128,-56,handClose
-78,-121,-51,-11,21,-31,-128,-128,83,9,37,65,127,127,127,127,handClose
44,98,-1,18,32,20,127,127,-67,127,65,43,127,-128,-128,-78,handClose
-41,31,-67,-83,-44,-69,-121,-117,42,56,91,27,-18,79,127,123,handClose
17,11,7,24,-111,14,-29,10,-16,-64,-121,-78,-30,-31,-107,-74,handClose
-40,-29,36,4,15,-59,-128,-22,-37,13,20,14,21,15,-128,-104,handClose
20,-10,-44,-16,-128,35,94,127,53,18,9,-7,-9,71,126,0,handClose
43,10,63,69,127,127,127,88,74,74,100,62,127,127,127,54,handClose
29,18,48,-27,-128,-33,53,56,-86,-12,-74,-19,-58,-81,-128,-128,handClose
23,-17,30,8,111,30,88,74,20,3,-12,-22,-59,-23,-5,4,handClose
16,81,60,33,29,62,-24,-107,-4,37,11,33,-35,6,50,15,handClose
-31,-62,-71,-54,-128,4,-64,-28,1,-118,-56,-41,125,127,121,98,handClose
-2,51,-6,85,127,-74,-109,-5,-39,-14,1,-32,-79,-18,-99,-128,handClose
7,-70,-18,89,57,23,107,30,-2,10,-41,0,-57,-74,24,32,handClose
-24,-59,-28,-25,-108,-29,45,1,-18,6,-19,-109,16,-75,-98,-59,handClose
-33,9,25,-22,-5,-29,-128,-83,-17,-128,-59,16,-24,-8,33,24,handClose
-20,26,17,-30,-1,45,-64,-46,-43,-3,7,-52,-107,-119,-72,-89,handClose
51,86,93,127,127,127,28,12,16,51,26,-17,-98,34,14,-22,handClose
60,83,114,22,-102,-22,78,37,-53,-65,-128,-85,-128,-128,-47,-21,handClose
-7,-94,-51,-24,-81,-22,-47,-15,31,23,31,20,127,69,29,30,handClose
-12,-21,-6,-20,-91,-104,20,13,-46,-33,-5,-42,-94,-51,17,23,handClose
74,55,50,44,127,-59,127,127,-24,-38,-7,17,127,-128,-128,-128,handClose
66,58,90,111,127,127,26,127,-20,-128,-100,13,34,99,75,59,handClose
-86,-80,-3,-14,-27,-62,-128,-128,-38,33,0,-128,-128,-85,-21,-109,handClose
-10,-128,-104,41,-29,5,120,72,-17,14,-13,89,127,-112,-80,-28,handClose
7,42,-128,33,86,28,-46,-34,34,12,0,-35,-47,-6,37,48,handClose
-50,114,60,-82,-128,-128,-10,51,125,127,127,56,28,-86,122,127,handClose
-30,41,54,65,-65,24,-115,-128,-33,-26,-17,-4,-128,-64,-128,-116,handClose
66,121,46,2,16,72,127,127,-14,62,63,-26,113,-30,1,-25,handClose
20,5,9,-3,30,52,1,79,81,-15,27,82,127,-59,116,122,handClose
-37,-76,-17,38,-25,-29,-31,-13,11,29,-14,31,-29,-76,6,1,handOpen
13,8,80,62,29,0,3,0,-13,-27,-30,-3,-41,-10,-1,-11,handOpen
9,30,35,67,46,30,17,9,12,-6,-33,-8,14,-17,59,3,handOpen
1,11,41,-39,-18,-111,-106,-10,22,81,127,-22,78,-83,-40,6,handOpen
5,22,21,46,23,65,-13,-8,-40,-87,-128,-84,-52,-6,-7,-21,handOpen
3,28,-16,9,2,-10,-3,3,-22,-39,-91,-89,-27,36,-17,-9,handOpen
-7,-20,120,47,20,2,3,-1,0,1,-17,54,31,-5,8,1,handOpen
9,20,-73,-101,-80,-39,16,3,8,8,94,36,-29,-27,-17,-4,handOpen
13,65,72,71,22,-3,-51,-8,-10,-10,50,-12,-23,-14,-43,-6,handOpen
-3,-15,-98,-66,35,90,28,-7,-45,-102,-114,-89,-76,-22,-15,-20,handOpen
2,-5,7,37,48,-71,-34,-5,-21,-49,-54,90,124,-5,-5,-11,handOpen
5,15,89,-26,-45,36,-7,7,31,60,62,112,-56,13,16,20,handOpen
-12,-5,-47,5,-26,-29,-2,-9,-4,-8,-64,-20,-36,-48,-7,-2,handOpen
-37,-92,-100,-63,-50,-12,-5,-14,8,-8,-44,19,-10,12,38,9,handOpen
-3,-30,-49,-37,-27,-10,-3,-3,3,-13,-78,7,8,-8,8,5,handOpen
22,60,60,52,-1,3,9,9,-16,-63,-128,-74,-39,-58,-15,-15,handOpen
-12,-5,63,71,113,-12,-5,-2,20,68,127,32,18,46,-3,6,handOpen
21,9,-73,67,16,6,21,18,14,20,41,6,-70,-21,0,10,handOpen
5,-2,7,35,12,-23,8,-6,0,-11,-9,9,22,-18,42,7,handOpen
6,3,58,88,-14,-7,-43,17,6,19,40,20,-52,-45,-39,-9,handOpen
-2,4,-26,-58,-3,4,4,-3,-30,-45,-26,-124,18,-16,-24,-18,handOpen
2,-22,-62,-70,-5,-18,3,1,10,21,126,62,-11,-4,11,-1,handOpen
-6,-17,30,51,16,-19,-13,-4,-10,-24,-27,-64,68,71,21,2,handOpen
40,93,52,125,38,15,19,14,-2,-10,14,-27,-15,-8,-6,-3,handOpen
-46,-116,-117,-62,-23,-67,-6,-18,2,13,81,97,12,-2,1,-4,handOpen
0,5,32,79,79,70,-5,-1,11,11,5,33,-21,8,-8,6,handOpen
5,6,-20,-58,-55,-50,-13,2,-34,-55,-40,-70,-18,-5,-14,-15,handOpen
2,-25,-119,-60,4,8,18,-5,-2,-12,-20,12,-2,-3,8,5,handOpen
-3,-4,72,103,36,-43,-93,-1,2,8,7,-8,-1,-25,14,2,handOpen
-6,-33,-93,-102,-37,-68,8,-10,5,-6,40,52,49,-41,11,-2,handOpen
4,7,84,40,30,-3,-110,-12,-18,-33,-98,-122,-15,26,-14,-16,handOpen
3,18,-35,-36,-46,-15,-2,3,-2,-8,34,59,30,2,-3,0,handOpen
-4,-33,-35,57,7,0,4,-4,-5,-36,-128,-80,-8,3,12,10,handOpen
9,33,27,-33,43,61,12,11,-16,-19,-19,-35,-12,20,15,-7,handOpen
23,74,84,-33,-20,7,-3,9,22,44,88,-13,-77,16,120,27,handOpen
-17,-88,-72,25,64,4,8,-11,-25,-56,-56,7,10,-51,-38,-16,handOpen
-21,-17,-53,-85,-26,-5,-9,-15,5,12,6,119,28,-3,6,-1,handOpen
16,7,22,35,28,-3,2,9,10,6,38,37,1,-5,2,5,handOpen
2,73,43,-12,-84,-24,1,-10,11,25,127,127,23,-44,24,7,handOpen
-59,-128,-102,-86,1,17,-21,-19,-3,-23,16,-6,21,5,-29,-3,handOpen
24,65,68,-13,-27,19,28,22,-6,-15,19,-7,-20,-7,-5,-7,handOpen
34,61,32,5,47,28,-128,1,103,127,127,28,24,-2,-5,27,handOpen
6,10,66,26,-24,11,3,7,-124,-128,-128,-26,-21,-1,-15,-44,handOpen
6,10,82,21,-13,-12,9,3,-14,25,61,49,3,-10,-15,-7,handOpen
13,0,-36,22,5,5,9,6,4,5,117,71,-23,-5,64,-1,handOpen
-41,-21,-78,-38,-25,15,-15,-22,-13,-19,32,-2,-32,-12,5,-3,handOpen
8,3,28,87,26,15,-5,7,-6,7,-2,49,31,60,-23,-3,handOpen
9,21,93,-59,-31,-41,-57,-4,16,21,100,106,0,-1,-4,0,handOpen
7,-17,-82,8,52,40,-6,4,22,39,-32,11,43,3,10,11,handOpen
15,7,-8,-17,34,28,73,39,9,36,71,68,5,21,31,13,handOpen
-6,-37,-128,-68,-42,-32,-18,-18,10,55,10,-65,-58,-18,-64,-15,handOpen
67,101,45,-78,26,27,42,37,-19,-33,-47,54,77,-31,-20,-8,handOpen
-89,-128,-98,29,1,-19,-10,-32,4,7,48,60,-43,-42,-6,4,handOpen
-7,-16,7,-7,12,22,-9,-2,3,24,-25,-13,2,-38,8,3,handOpen
6,4,21,15,9,1,5,1,-4,3,-16,-1,0,0,-7,2,handRelax
1,5,-15,-19,-7,-4,-1,-2,-4,-9,9,9,3,-1,0,-1,handRelax
-12,-22,-18,1,-4,-6,-4,-2,6,10,5,3,1,2,6,-3,handRelax
10,27,7,0,6,-1,1,1,-2,5,-4,-7,-2,-5,-6,1,handRelax
-12,-25,-22,-4,-7,0,-4,-5,-4,-11,-3,0,-1,0,-5,1,handRelax
0,3,16,-5,0,0,-5,1,-3,-3,-5,1,20,-3,0,-3,handRelax
7,3,-2,-2,-7,2,4,-3,-3,3,-2,-4,-5,-4,-2,0,handRelax
-9,-23,-20,-25,-14,-6,-6,-2,5,-7,1,-4,-11,-2,1,1,handRelax
3,9,3,21,-2,3,2,2,-3,-6,4,16,18,3,1,-2,handRelax
5,6,10,7,9,0,3,-1,-1,-1,1,5,-5,-3,-2,3,handRelax
-3,-3,3,-1,-10,2,-4,-2,2,14,4,-15,1,1,7,-1,handRelax
1,-2,4,3,1,2,0,-4,-6,-18,-20,0,2,-2,-7,-1,handRelax
2,1,-1,8,4,2,2,-2,-4,-2,-10,-7,-3,-2,-1,2,handRelax
-6,0,2,-5,-4,-4,-6,1,5,3,-1,-1,5,2,3,-3,handRelax
-3,4,1,1,-2,-3,-5,0,-4,-5,-8,-4,-6,-2,-4,-2,handRelax
2,-1,-1,9,28,5,-3,1,-4,-2,-1,13,1,-5,0,2,handRelax
5,5,-5,-8,-13,-3,-2,3,3,0,7,-22,-26,-2,4,-2,handRelax
-9,-22,-8,-5,-11,-1,2,-1,-4,6,2,-13,-11,-6,-4,-1,handRelax
1,4,4,12,7,-1,-1,-3,2,16,3,2,-4,-2,-1,-1,handRelax
0,3,-6,-5,3,-1,0,-2,-5,-7,-2,1,0,2,1,1,handRelax
7,10,13,36,8,3,3,-1,-12,-15,-11,-10,-8,-4,-5,-2,handRelax
0,2,-5,-10,2,2,-2,0,0,-2,-1,1,2,0,0,0,handRelax
-7,-4,-3,4,-1,-2,-6,-2,6,12,5,16,14,3,4,-1,handRelax
2,1,4,14,10,3,3,1,9,28,4,-27,-19,-3,3,2,handRelax
-2,7,1,-7,-14,-4,-5,-1,-29,-73,-19,5,-7,-4,-6,-6,handRelax
-2,11,6,5,-2,0,-2,1,1,0,3,-8,-20,-2,-4,-3,handRelax
5,7,2,7,6,-3,6,1,-6,-12,-19,-3,18,4,-2,0,handRelax
-6,-4,-6,-9,-4,-4,-5,-4,-2,15,5,4,-2,-4,1,0,handRelax
-2,2,2,6,-2,-4,-1,1,-5,-19,-7,-5,0,1,0,-4,handRelax
5,-4,-1,1,1,2,4,0,0,9,-7,-19,-5,-2,-1,2,handRelax
-4,-4,-2,7,0,0,-5,-3,6,7,2,3,-2,2,2,0,handRelax
4,15,6,-3,-14,1,0,-1,-9,-15,-7,22,13,2,-4,-4,handRelax
4,3,-12,3,3,2,-1,1,-11,-17,-12,-12,2,-5,-4,-2,handRelax
-5,-12,5,-16,-7,-3,-4,2,6,-4,-11,-5,-1,2,3,-4,handRelax
-2,3,7,8,-5,-7,-2,1,-1,0,3,0,-17,-6,-4,2,handRelax
1,-4,-5,-12,-9,-5,-6,-2,-3,-12,3,3,30,5,-1,-1,handRelax
-4,1,9,1,-5,0,-3,0,3,4,4,15,2,4,4,-1,handRelax
0,-1,2,4,2,-1,3,-1,1,12,14,13,-15,-5,-2,0,handRelax
5,1,-8,0,8,4,0,1,-5,-20,-4,-5,0,1,-2,-5,handRelax
0,1,3,-1,-5,-4,-2,1,-6,-19,1,9,5,4,1,-5,handRelax
4,8,3,1,2,3,6,-1,-3,4,-6,-4,-4,1,-1,2,handRelax
-6,-10,-7,-2,3,-2,-5,2,0,2,-15,-6,-3,1,2,0,handRelax
-4,3,9,-3,-2,-3,-5,0,0,-8,-3,-2,1,1,4,-2,handRelax
4,2,-4,-7,-2,-1,4,-2,-6,-4,-2,-1,-3,-2,-5,-3,handRelax
2,9,1,-6,-14,-7,-5,0,-2,-1,-2,0,2,0,-2,-1,handRelax
-9,-2,-6,0,16,-2,-1,-4,-4,-14,-6,-6,-11,1,-4,-4,handRelax
-7,-30,-12,1,3,-2,4,-6,-1,2,-3,-6,-5,-2,-4,1,handRelax
-6,-7,-13,-10,-5,-3,-3,1,6,24,13,-10,-22,1,2,2,handRelax
1,15,3,-1,-8,0,-3,-2,1,-10,1,14,63,4,0,0,handRelax
5,0,-1,6,1,0,1,-1,-2,-11,3,16,-4,-2,3,-1,handRelax
-4,-7,-5,-23,-5,-2,-5,-3,6,7,3,-16,3,4,5,-1,handRelax
-5,-5,-2,-6,4,-3,0,0,2,-1,-2,-11,-6,-6,-3,0,handRelax
6,8,-2,-1,-4,0,1,0,-3,-1,-8,-8,-7,-3,-4,-1,handRelax
-4,-3,10,13,-5,-2,-7,-1,-3,-13,-2,0,2,-1,3,-5,handRelax
19,34,28,-22,-13,19,4,19,-16,5,68,-5,-26,-95,-86,-73,handlateral
-5,-7,46,16,-88,-28,-4,-18,-13,-68,-57,1,-74,-19,-33,-22,handlateral
2,18,19,16,-85,-64,-94,-46,16,25,28,-22,-20,27,49,42,handlateral
-37,-104,-5,21,-29,-3,3,-4,-4,0,-21,-12,-28,3,45,28,handlateral
-1,3,-46,-40,-17,6,26,33,-13,34,52,14,-6,8,-50,-30,handlateral
-7,-12,-22,-59,-100,18,-11,39,10,-33,-17,-51,-77,-37,-1,22,handlateral
8,63,-1,-39,-11,-72,-30,-99,-14,-30,-38,45,127,9,16,7,handlateral
-7,-2,78,34,29,2,-34,-6,24,11,-9,49,127,82,14,28,handlateral
-26,1,6,-9,-120,-56,37,32,-33,-119,-4,19,55,35,16,-2,handlateral
-77,-128,-77,18,11,-18,-66,-36,0,42,-50,-20,-9,-5,-8,-11,handlateral
13,51,50,-14,-22,15,9,7,23,34,3,-10,-31,-11,18,12,handlateral
12,26,41,54,23,20,5,5,-5,-1,-12,-58,-45,1,-35,-40,handlateral
26,26,20,3,-12,-10,39,48,10,7,59,75,32,0,-36,-48,handlateral
12,14,2,-44,-12,9,-50,16,-19,-34,1,2,-6,-13,16,6,handlateral
-9,-33,-26,-59,-85,-19,-12,-14,4,-5,-17,-19,-67,63,20,8,handlateral
-3,-2,26,56,-7,-22,14,28,-13,1,-4,-16,-15,29,-32,-49,handlateral
-6,-10,-12,4,15,-14,23,-10,-1,-3,-23,-54,-16,-64,-43,-1,handlateral
-16,0,8,-13,-35,26,40,31,-7,-46,-16,4,-6,-12,-2,12,handlateral
11,15,59,35,73,50,-1,-53,3,-7,-42,24,-6,-1,8,12,handlateral
7,33,-8,-60,-42,-45,-17,-11,-7,-38,-53,-8,-7,-2,25,6,handlateral
0,-27,-17,-14,-3,-17,-34,-9,19,27,25,-67,-38,-8,12,23,handlateral
6,39,54,54,18,-27,-22,-20,5,75,-12,23,27,-1,13,5,handlateral
12,13,-19,-44,39,2,5,10,-12,20,34,21,-4,29,17,-1,handlateral
0,2,7,17,-7,29,10,10,-32,-34,39,71,22,28,-70,-57,handlateral
-11,-5,-61,-64,-42,-22,5,-18,-15,-31,5,-14,0,-24,2,4,handlateral
23,-7,4,14,-11,5,22,38,27,24,74,23,-21,21,47,46,handlateral
0,87,-16,-39,38,-10,-61,-51,6,31,-2,-40,28,36,2,-25,handlateral
-9,-20,-25,16,15,12,26,28,10,-47,22,82,7,-5,-17,-2,handlateral
-37,6,40,-49,-20,-25,-9,-29,5,3,-50,-16,-12,6,17,6,handlateral
-14,28,14,20,-6,-15,-102,-128,6,10,12,4,3,-16,-4,3,handlateral
38,6,15,24,32,32,0,63,14,11,36,39,68,94,124,98,handlateral
-17,-31,-27,23,-8,3,20,5,-22,-94,-56,4,-11,-2,5,-2,handlateral
5,19,11,-3,-8,0,20,8,-4,13,10,-41,-29,-9,-1,7,handlateral
-7,0,-6,56,6,7,7,-4,-9,-37,-17,2,-20,-16,8,-1,handlateral
18,39,45,5,-9,-23,5,12,1,13,19,-32,44,7,-28,-13,handlateral
59,73,68,5,43,49,56,54,-21,-114,-57,1,-11,15,37,32,handlateral
-67,-127,-85,-8,-8,-22,-58,-76,14,11,4,-10,4,10,5,15,handlateral
7,11,29,30,-4,-7,4,-2,21,86,21,-48,-55,-36,-5,-18,handlateral
0,-1,-7,-1,6,1,1,-3,-22,-59,3,37,74,37,19,17,handlateral
19,34,53,34,-7,-4,3,7,-21,-5,32,81,38,-4,-30,-21,handlateral
-15,-72,-65,-8,-45,-2,15,12,-4,14,12,-83,-32,-14,-27,-19,handlateral
-24,-70,-6,7,-36,-3,-9,-21,-15,-22,-21,16,4,9,0,-3,handlateral
10,-3,-11,-9,7,11,18,31,8,36,17,-39,-28,-46,-26,-4,handlateral
4,18,-18,-38,-8,-6,1,-9,-4,15,21,7,-4,-40,-13,1,handlateral
-13,-10,11,-4,-3,11,-15,-38,-2,-8,-65,-33,-10,4,11,13,handlateral
10,51,2,40,-9,24,39,11,16,19,11,-12,-11,3,14,11,handlateral
-13,31,-28,-48,-28,-46,-50,-35,3,-12,14,2,0,16,-5,0,handlateral
-16,-21,-56,13,58,-2,1,29,25,80,39,19,53,19,18,13,handlateral
-5,-2,5,3,-47,-13,-5,-35,-6,-36,10,28,23,-10,-1,-23,handlateral
-7,11,24,28,14,-6,-4,-27,-8,-6,-12,-86,-64,-43,-57,-34,handlateral
10,0,8,-7,-17,5,8,19,18,20,39,71,30,9,23,31,handlateral
-9,-20,-32,7,2,-7,-16,1,10,55,7,3,-4,10,33,27,handlateral
9,9,-22,-12,-8,3,4,3,-58,-128,-100,-28,-11,-24,-72,-60,handlateral
10,71,104,63,-4,-1,-7,-42,1,40,1,19,27,4,2,-7,handlateral
-45,-128,-128,-90,-5,-1,-16,-19,17,-3,15,-6,13,13,29,46,handlateral
2,-83,-52,40,20,5,7,2,18,50,-30,-26,-23,2,11,34,handlateral
-4,-5,73,21,18,-6,7,9,-11,9,7,-37,-41,-27,-28,-66,handlateral
15,-16,-128,-128,-128,-42,44,11,14,33,12,-32,30,41,-21,-1,handspherical
-39,-106,-78,-73,61,-16,-6,-14,-19,-45,-21,-123,-32,-40,-5,-11,handspherical
21,33,61,127,49,28,19,6,21,57,60,28,72,-24,2,22,handspherical
14,68,56,-31,-39,-41,-5,4,77,127,127,64,-4,9,17,19,handspherical
11,30,11,-44,-27,67,11,1,-128,-128,-128,-114,-76,-19,-16,-45,handspherical
26,30,-3,19,44,-1,10,4,70,54,-3,-61,-29,-16,25,35,handspherical
-21,-42,-23,25,41,13,4,0,-96,-102,-128,-128,-63,-48,-51,-62,handspherical
81,127,127,47,27,-8,-102,9,10,76,127,127,127,52,27,26,handspherical
-41,-128,-85,101,13,-2,-3,-10,16,68,82,6,-41,24,35,0,handspherical
-110,-128,-48,-17,-45,-41,-24,-37,25,51,24,-7,20,-52,-101,-4,handspherical
16,46,26,48,13,-32,28,13,8,12,-35,-96,62,-15,-41,-8,handspherical
1,-46,-43,-15,0,-8,22,6,13,32,-50,44,-23,-18,15,10,handspherical
-17,-34,-14,-48,1,115,89,4,2,-21,49,9,-62,25,28,1,handspherical
54,127,93,-45,-39,126,65,12,-70,-112,-61,19,-63,-17,-11,-15,handspherical
-53,-100,-53,-3,81,22,4,-8,31,89,26,-54,-12,-10,-3,11,handspherical
24,32,44,-81,-33,43,-9,4,23,17,-17,75,-2,9,20,7,handspherical
-13,-89,8,70,30,45,52,1,3,23,-24,-36,-35,-22,-2,2,handspherical
24,60,1,-25,82,19,12,19,-51,-128,-54,63,-30,-6,9,-13,handspherical
19,33,78,90,76,-43,12,9,45,93,18,-25,-23,20,14,20,handspherical
3,-10,-92,-128,-26,-22,-16,-8,-77,-107,-123,-66,0,-44,-6,-37,handspherical
20,48,52,43,17,23,31,9,18,36,58,49,84,14,27,5,handspherical
10,12,16,42,33,58,4,13,-15,-45,7,76,23,32,4,-2,handspherical
3,8,42,-7,-5,-2,4,-4,13,46,5,-13,-14,-38,-20,0,handspherical
-36,-33,-10,27,2,17,1,-8,4,14,47,-54,-2,-13,64,-7,handspherical
39,81,76,16,-7,13,12,15,-47,-128,20,127,-43,-12,-5,-2,handspherical
-56,-128,-46,-1,-61,-66,-40,-35,-9,-29,-128,-128,-20,-63,2,-5,handspherical
21,50,2,-20,31,13,7,10,16,15,-22,-21,38,7,13,9,handspherical
8,-20,-66,-43,5,1,60,11,2,12,85,47,13,-11,3,5,handspherical
18,-23,-16,-28,1,-31,21,2,1,21,-53,19,-8,0,-128,-11,handspherical
-78,-93,-128,-32,-39,-15,14,-31,4,4,60,30,-5,7,3,-1,handspherical
15,81,13,8,16,-1,13,6,12,26,28,-28,-16,-5,5,3,handspherical
13,39,127,127,-25,-37,-10,1,-21,-79,-124,7,-17,-10,-28,-16,handspherical
-5,-10,-30,-32,28,-2,9,0,30,48,35,-62,-36,33,86,12,handspherical
-11,-8,23,49,2,4,-1,-12,43,82,127,127,-3,6,-13,9,handspherical
-11,-8,-14,-74,-38,34,21,1,-15,59,-13,61,55,5,7,-4,handspherical
5,27,53,-128,-102,-25,-36,-3,-9,-29,-67,-77,-2,8,0,-6,handspherical
17,9,-62,-15,40,-43,35,15,-3,-22,8,79,-36,-55,0,6,handspherical
8,39,72,110,6,1,-39,-5,-5,12,49,61,1,21,-4,-10,handspherical
-24,-74,-36,-12,-26,-15,1,-10,46,75,16,33,-4,-43,10,19,handspherical
-78,-128,-128,23,127,27,6,-14,-46,-128,-59,-1,5,-21,-20,-19,handspherical
-32,-10,-41,-66,-36,-12,-8,-6,52,127,91,85,30,2,7,15,handspherical
18,66,41,36,-10,-6,-1,2,1,11,56,57,16,-25,-20,-5,handspherical
31,42,-23,-128,-74,17,40,10,8,-19,-110,-37,-9,2,127,27,handspherical
-14,-41,-42,-82,-37,-8,-2,-5,0,-7,31,64,1,-61,-128,-22,handspherical
14,26,77,-3,31,-1,-32,9,-7,-31,-92,-114,-32,-7,4,2,handspherical
6,4,-57,-18,-6,9,-46,-5,-36,-128,-55,-15,-9,-2,-1,-8,handspherical
-7,31,-14,-7,-4,-7,-4,-3,8,13,18,23,5,5,12,3,handspherical
-6,41,-46,-77,-24,-1,0,-5,49,84,37,-30,-10,-4,-16,16,handspherical
11,22,-22,-22,-28,-15,12,4,-35,-82,-60,11,31,3,2,-10,handspherical
8,43,118,64,79,9,-13,4,-12,-117,-87,22,-31,1,-11,-7,handspherical
20,37,-64,-128,-35,-3,7,8,-20,-17,5,42,-9,-18,-9,-6,handspherical
-11,-17,33,6,22,-23,-69,-8,-3,-8,-30,-56,-4,-30,0,-4,handspherical
31,70,106,127,8,12,-25,14,9,-17,-31,9,5,-26,-7,0,handspherical
3,-1,-46,27,57,7,11,0,-32,6,52,31,48,5,-20,-14,handspherical
-5,-17,-4,-63,-42,-2,3,-4,-17,-82,-90,-29,-18,6,13,-5,handspherical
10,28,76,70,-14,-28,-7,-2,26,72,23,28,-34,-44,2,2,handspherical
